18,-33,twleYiXrB7RWIv9P0nlLKRQeLfk=,cqqQkq5XqvdAXlJEOheu+58wKsE=
17,-33,twleYiXrB7RWIv9P0nlLKRQeLfk=,CihhdjZT4yeV6lhPs7z/cQHxn2s=
20,-33,twleYiXrB7RWIv9P0nlLKRQeLfk=,bp4Q+gmgcGrbppVtVxOPAU2jwQo=
19,-33,twleYiXrB7RWIv9P0nlLKRQeLfk=,cqqQkq5XqvdAXlJEOheu+58wKsE=
21,-33,twleYiXrB7RWIv9P0nlLKRQeLfk=,bp4Q+gmgcGrbppVtVxOPAU2jwQo=
22,-33,twleYiXrB7RWIv9P0nlLKRQeLfk=,usuGKxwQMtEoa7qNPymtJ1qzO4c=
28,-33,twleYiXrB7RWIv9P0nlLKRQeLfk=,2ru7VAIVWBbrTqQ0cetsIcbvoq0=
27,-33,twleYiXrB7RWIv9P0nlLKRQeLfk=,VZLlGM0vkMgwo7v/oLeMmCRr4SQ=
16,-33,twleYiXrB7RWIv9P0nlLKRQeLfk=,CihhdjZT4yeV6lhPs7z/cQHxn2s=
26,-33,twleYiXrB7RWIv9P0nlLKRQeLfk=,VZLlGM0vkMgwo7v/oLeMmCRr4SQ=
25,-33,twleYiXrB7RWIv9P0nlLKRQeLfk=,maRYwA454HOhXcBaiEfiQKon8is=
23,-33,twleYiXrB7RWIv9P0nlLKRQeLfk=,usuGKxwQMtEoa7qNPymtJ1qzO4c=
24,-33,twleYiXrB7RWIv9P0nlLKRQeLfk=,maRYwA454HOhXcBaiEfiQKon8is=
11,-33,HsR/oeYDUc0xOyEam+CfDh+FlH0=,r4Wk1a5LgTg9wIjerkOgyQsLKjU=
12,-33,HsR/oeYDUc0xOyEam+CfDh+FlH0=,hT7waIAlWqgFNzEVrc2BW5Nfi4I=
9,-33,HsR/oeYDUc0xOyEam+CfDh+FlH0=,zQ2G0gpG5bo49+QCsdNOhioaN+4=
8,-33,HsR/oeYDUc0xOyEam+CfDh+FlH0=,zQ2G0gpG5bo49+QCsdNOhioaN+4=
10,-33,HsR/oeYDUc0xOyEam+CfDh+FlH0=,r4Wk1a5LgTg9wIjerkOgyQsLKjU=
7,-33,HsR/oeYDUc0xOyEam+CfDh+FlH0=,oAcc8OWevSZhRMkSwK2yDzId58Y=
14,-33,HsR/oeYDUc0xOyEam+CfDh+FlH0=,VdL2YNkuIymADaysLVMU9DpoSJE=
13,-33,HsR/oeYDUc0xOyEam+CfDh+FlH0=,hT7waIAlWqgFNzEVrc2BW5Nfi4I=
15,-33,ug4mT/6w6Z29d+u1NQ5YyL2aa9U=,VdL2YNkuIymADaysLVMU9DpoSJE=
2,-33,ug4mT/6w6Z29d+u1NQ5YyL2aa9U=,3lIr+/8yzLRswN74Q+3425sO2zk=
0,-33,ug4mT/6w6Z29d+u1NQ5YyL2aa9U=,Oc+igzUTHAhb+cSjGXArl8LzsoA=
6,-33,ug4mT/6w6Z29d+u1NQ5YyL2aa9U=,oAcc8OWevSZhRMkSwK2yDzId58Y=
3,-33,ug4mT/6w6Z29d+u1NQ5YyL2aa9U=,3lIr+/8yzLRswN74Q+3425sO2zk=
1,-33,ug4mT/6w6Z29d+u1NQ5YyL2aa9U=,Oc+igzUTHAhb+cSjGXArl8LzsoA=
4,-33,ug4mT/6w6Z29d+u1NQ5YyL2aa9U=,0JE92ZA+cD1d/xpXcbwM+hu3b5Y=
5,-33,ug4mT/6w6Z29d+u1NQ5YyL2aa9U=,0JE92ZA+cD1d/xpXcbwM+hu3b5Y=
